1000,	0,	0,	0,	0
999,	1,	0,	0,	6.30496
999,	0,	1,	0,	6.6948
998,	1,	1,	0,	7.89423
997,	2,	1,	0,	8.54024
996,	3,	1,	0,	9.67922
996,	2,	2,	0,	10.6315
995,	3,	2,	0,	11.2974
994,	4,	2,	0,	11.6269
994,	3,	3,	0,	12.2977
994,	3,	2,	1,	12.7745
994,	2,	3,	1,	13.1409
993,	3,	3,	1,	13.2446
992,	4,	3,	1,	13.9519
991,	5,	3,	1,	14.2086
991,	5,	2,	2,	15.2987
990,	6,	2,	2,	16.5022
989,	7,	2,	2,	16.5555
989,	6,	3,	2,	17.2286
989,	6,	2,	3,	17.264
989,	5,	3,	3,	17.4326
989,	4,	4,	3,	17.5221
989,	4,	3,	4,	18.1482
988,	5,	3,	4,	18.1767
987,	6,	3,	4,	18.1832
986,	7,	3,	4,	18.6052
985,	8,	3,	4,	18.9754
984,	9,	3,	4,	19.2577
984,	9,	2,	5,	20.3594
983,	10,	2,	5,	20.624
983,	9,	3,	5,	21.0697
983,	8,	4,	5,	21.0816
983,	8,	3,	6,	21.7493
983,	7,	4,	6,	22.4054
982,	8,	4,	6,	22.5733
982,	7,	5,	6,	22.7824
981,	8,	5,	6,	22.8918
981,	7,	6,	6,	23.0873
980,	8,	6,	6,	23.1807
980,	8,	5,	7,	23.1881
980,	8,	4,	8,	23.4585
979,	9,	4,	8,	23.6751
979,	8,	5,	8,	24.094
979,	7,	6,	8,	24.2916
979,	7,	5,	9,	24.5026
978,	8,	5,	9,	24.5838
978,	8,	4,	10,	24.9665
977,	9,	4,	10,	25.9211
977,	8,	5,	10,	26.3665
977,	8,	4,	11,	26.42
976,	9,	4,	11,	26.432
976,	9,	3,	12,	26.86
976,	8,	4,	12,	27.3413
976,	8,	3,	13,	27.5706
976,	8,	2,	14,	28.5177
975,	9,	2,	14,	29.0344
975,	8,	3,	14,	29.2565
974,	9,	3,	14,	29.6937
973,	10,	3,	14,	30.1231
973,	10,	2,	15,	30.9664
973,	9,	3,	15,	31.1554
973,	8,	4,	15,	31.2171
972,	9,	4,	15,	31.3351
972,	9,	3,	16,	31.5415
971,	10,	3,	16,	32.457
971,	9,	4,	16,	32.4892
971,	8,	5,	16,	33.164
971,	7,	6,	16,	33.2579
970,	8,	6,	16,	33.3107
969,	9,	6,	16,	33.4425
969,	8,	7,	16,	33.729
968,	9,	7,	16,	34.1563
968,	9,	6,	17,	34.6469
968,	8,	7,	17,	35.0707
967,	9,	7,	17,	35.4883
966,	10,	7,	17,	35.5324
965,	11,	7,	17,	36.356
964,	12,	7,	17,	36.6179
963,	13,	7,	17,	36.7145
962,	14,	7,	17,	36.9451
961,	15,	7,	17,	37.3159
961,	15,	6,	18,	37.6924
961,	14,	7,	18,	37.7171
961,	14,	6,	19,	37.92
960,	15,	6,	19,	38.0336
959,	16,	6,	19,	38.2314
959,	15,	7,	19,	38.4957
958,	16,	7,	19,	38.5076
957,	17,	7,	19,	38.7423
956,	18,	7,	19,	39.2444
956,	17,	8,	19,	39.3879
956,	16,	9,	19,	39.4074
956,	15,	10,	19,	39.6586
956,	14,	11,	19,	39.6669
955,	15,	11,	19,	39.6938
954,	16,	11,	19,	39.7275
954,	16,	10,	20,	39.8152
954,	15,	11,	20,	40.2245
954,	14,	12,	20,	40.2947
953,	15,	12,	20,	40.4019
952,	16,	12,	20,	40.7161
952,	15,	13,	20,	40.7558
951,	16,	13,	20,	40.7682
950,	17,	13,	20,	41.0035
950,	17,	12,	21,	41.0656
950,	16,	13,	21,	41.108
949,	17,	13,	21,	41.1586
949,	17,	12,	22,	41.1641
948,	18,	12,	22,	41.5326
947,	19,	12,	22,	41.5442
947,	18,	13,	22,	41.8485
947,	17,	14,	22,	41.8961
946,	18,	14,	22,	41.9635
946,	17,	15,	22,	42.0012
946,	17,	14,	23,	42.1125
945,	18,	14,	23,	42.1699
945,	18,	13,	24,	42.1749
945,	17,	14,	24,	42.2192
945,	17,	13,	25,	42.5221
945,	16,	14,	25,	42.638
945,	15,	15,	25,	42.8513
945,	14,	16,	25,	42.9152
945,	14,	15,	26,	43.0647
945,	14,	14,	27,	43.1307
944,	15,	14,	27,	43.2781
944,	14,	15,	27,	43.4255
943,	15,	15,	27,	43.7677
943,	14,	16,	27,	43.9549
943,	13,	17,	27,	44.1993
943,	13,	16,	28,	44.275
942,	14,	16,	28,	44.3238
941,	15,	16,	28,	44.4165
940,	16,	16,	28,	44.508
940,	15,	17,	28,	44.6473
939,	16,	17,	28,	44.6562
938,	17,	17,	28,	44.7471
938,	16,	18,	28,	44.7792
937,	17,	18,	28,	44.9221
937,	17,	17,	29,	44.9453
936,	18,	17,	29,	44.9575
936,	18,	16,	30,	45.0976
936,	18,	15,	31,	45.1199
936,	18,	14,	32,	45.1478
935,	19,	14,	32,	45.1742
934,	20,	14,	32,	45.2158
934,	20,	13,	33,	45.279
933,	21,	13,	33,	45.2944
932,	22,	13,	33,	45.3091
932,	21,	14,	33,	45.8162
932,	20,	15,	33,	45.9523
932,	20,	14,	34,	46.2544
931,	21,	14,	34,	46.2689
930,	22,	14,	34,	46.5208
929,	23,	14,	34,	46.6913
929,	22,	15,	34,	46.7199
929,	22,	14,	35,	46.7203
929,	21,	15,	35,	46.727
929,	21,	14,	36,	47.0474
928,	22,	14,	36,	47.0746
927,	23,	14,	36,	47.0838
927,	23,	13,	37,	47.1504
926,	24,	13,	37,	47.1595
926,	24,	12,	38,	47.2266
926,	24,	11,	39,	47.2711
925,	25,	11,	39,	47.2918
925,	25,	10,	40,	47.3951
924,	26,	10,	40,	47.8414
923,	27,	10,	40,	48.1875
922,	28,	10,	40,	48.2566
921,	29,	10,	40,	48.281
920,	30,	10,	40,	48.3355
919,	31,	10,	40,	48.4341
919,	30,	11,	40,	48.4802
919,	29,	12,	40,	48.8169
919,	28,	13,	40,	49.0175
919,	28,	12,	41,	49.0768
919,	27,	13,	41,	49.2445
918,	28,	13,	41,	49.2795
918,	27,	14,	41,	49.3209
917,	28,	14,	41,	49.3986
916,	29,	14,	41,	49.4494
915,	30,	14,	41,	49.7818
914,	31,	14,	41,	49.7835
914,	30,	15,	41,	49.8462
914,	30,	14,	42,	50.0872
914,	29,	15,	42,	50.1165
913,	30,	15,	42,	50.3834
912,	31,	15,	42,	50.4032
912,	30,	16,	42,	50.4982
912,	30,	15,	43,	50.5193
911,	31,	15,	43,	50.6654
910,	32,	15,	43,	50.69
910,	32,	14,	44,	50.7418
910,	31,	15,	44,	50.7854
910,	30,	16,	44,	51.0839
909,	31,	16,	44,	51.0933
908,	32,	16,	44,	51.1094
907,	33,	16,	44,	51.1612
907,	33,	15,	45,	51.3088
906,	34,	15,	45,	51.3679
905,	35,	15,	45,	51.3777
905,	34,	16,	45,	51.4118
904,	35,	16,	45,	51.4279
904,	35,	15,	46,	51.5513
903,	36,	15,	46,	51.5915
903,	35,	16,	46,	51.6381
902,	36,	16,	46,	51.6974
902,	35,	17,	46,	51.7758
901,	36,	17,	46,	51.8494
901,	36,	16,	47,	51.8541
901,	35,	17,	47,	51.8811
901,	35,	16,	48,	52.201
900,	36,	16,	48,	52.3172
899,	37,	16,	48,	52.4666
899,	36,	17,	48,	52.4809
899,	36,	16,	49,	52.5562
899,	35,	17,	49,	52.8138
899,	35,	16,	50,	52.8505
898,	36,	16,	50,	53.1482
898,	35,	17,	50,	53.1632
897,	36,	17,	50,	53.2525
896,	37,	17,	50,	53.2983
895,	38,	17,	50,	53.3863
895,	37,	18,	50,	53.412
894,	38,	18,	50,	53.4513
893,	39,	18,	50,	53.4735
892,	40,	18,	50,	53.4858
892,	39,	19,	50,	53.5229
891,	40,	19,	50,	53.5941
890,	41,	19,	50,	53.6338
889,	42,	19,	50,	53.6781
888,	43,	19,	50,	53.6809
888,	43,	18,	51,	53.8504
888,	42,	19,	51,	53.927
887,	43,	19,	51,	53.9293
887,	43,	18,	52,	53.9932
887,	43,	17,	53,	54.01
886,	44,	17,	53,	54.0813
885,	45,	17,	53,	54.1473
885,	44,	18,	53,	54.2048
885,	43,	19,	53,	54.2113
884,	44,	19,	53,	54.2797
884,	43,	20,	53,	54.2846
883,	44,	20,	53,	54.3732
883,	44,	19,	54,	54.4279
883,	44,	18,	55,	54.4303
883,	44,	17,	56,	54.458
883,	44,	16,	57,	54.5405
883,	43,	17,	57,	54.5813
883,	42,	18,	57,	54.6082
882,	43,	18,	57,	54.6178
882,	42,	19,	57,	54.6282
881,	43,	19,	57,	54.6744
881,	42,	20,	57,	54.7234
881,	42,	19,	58,	54.7775
881,	41,	20,	58,	54.8124
881,	41,	19,	59,	54.8159
880,	42,	19,	59,	54.8306
880,	42,	18,	60,	54.9553
880,	41,	19,	60,	54.9868
879,	42,	19,	60,	55.0832
879,	42,	18,	61,	55.1709
879,	42,	17,	62,	55.2201
879,	41,	18,	62,	55.2449
879,	40,	19,	62,	55.268
879,	40,	18,	63,	55.2961
879,	40,	17,	64,	55.3164
879,	39,	18,	64,	55.46
879,	38,	19,	64,	55.5239
878,	39,	19,	64,	55.5317
878,	39,	18,	65,	55.5346
878,	39,	17,	66,	55.6446
878,	39,	16,	67,	55.7594
878,	38,	17,	67,	55.769
877,	39,	17,	67,	55.906
877,	39,	16,	68,	56.0058
877,	39,	15,	69,	56.0078
877,	39,	14,	70,	56.0929
876,	40,	14,	70,	56.1999
875,	41,	14,	70,	56.2454
874,	42,	14,	70,	56.2576
874,	41,	15,	70,	56.2888
874,	41,	14,	71,	56.2931
874,	40,	15,	71,	56.4804
873,	41,	15,	71,	56.5614
873,	41,	14,	72,	56.7363
873,	41,	13,	73,	56.8006
873,	40,	14,	73,	56.82
873,	39,	15,	73,	56.8357
873,	38,	16,	73,	56.8528
873,	37,	17,	73,	56.88
873,	36,	18,	73,	56.9882
873,	36,	17,	74,	57.015
873,	35,	18,	74,	57.0683
873,	34,	19,	74,	57.2372
872,	35,	19,	74,	57.2488
872,	34,	20,	74,	57.2654
872,	33,	21,	74,	57.3179
871,	34,	21,	74,	57.3842
870,	35,	21,	74,	57.4002
869,	36,	21,	74,	57.4035
868,	37,	21,	74,	57.4175
868,	36,	22,	74,	57.4616
868,	35,	23,	74,	57.6002
867,	36,	23,	74,	57.6308
866,	37,	23,	74,	57.7471
866,	37,	22,	75,	57.7618
865,	38,	22,	75,	57.836
865,	38,	21,	76,	57.8732
865,	38,	20,	77,	57.9535
865,	37,	21,	77,	58.0156
864,	38,	21,	77,	58.1514
863,	39,	21,	77,	58.2561
862,	40,	21,	77,	58.2739
862,	39,	22,	77,	58.5164
862,	38,	23,	77,	58.5265
862,	38,	22,	78,	58.5414
861,	39,	22,	78,	58.7542
861,	38,	23,	78,	58.8076
861,	38,	22,	79,	58.872
861,	38,	21,	80,	59.1425
860,	39,	21,	80,	59.2282
859,	40,	21,	80,	59.3339
859,	40,	20,	81,	59.3951
858,	41,	20,	81,	59.4082
857,	42,	20,	81,	59.4327
856,	43,	20,	81,	59.4973
855,	44,	20,	81,	59.5975
854,	45,	20,	81,	59.6943
854,	44,	21,	81,	59.6966
854,	43,	22,	81,	59.7474
854,	43,	21,	82,	59.8377
854,	43,	20,	83,	59.8587
854,	43,	19,	84,	59.914
854,	42,	20,	84,	60.1378
854,	42,	19,	85,	60.2688
854,	42,	18,	86,	60.3143
854,	41,	19,	86,	60.3188
853,	42,	19,	86,	60.3602
852,	43,	19,	86,	60.4982
851,	44,	19,	86,	60.5036
851,	44,	18,	87,	60.5611
850,	45,	18,	87,	60.6095
850,	44,	19,	87,	60.7197
850,	44,	18,	88,	60.7432
850,	43,	19,	88,	60.8507
850,	43,	18,	89,	60.9355
849,	44,	18,	89,	60.9359
848,	45,	18,	89,	61.0466
848,	44,	19,	89,	61.0543
848,	43,	20,	89,	61.0664
848,	43,	19,	90,	61.1339
848,	43,	18,	91,	61.2069
848,	42,	19,	91,	61.2486
848,	42,	18,	92,	61.3319
848,	41,	19,	92,	61.3409
848,	41,	18,	93,	61.3988
848,	41,	17,	94,	61.4375
847,	42,	17,	94,	61.5832
846,	43,	17,	94,	61.6354
846,	42,	18,	94,	61.7346
846,	42,	17,	95,	61.7385
846,	41,	18,	95,	61.8992
846,	41,	17,	96,	61.9871
846,	40,	18,	96,	62.0238
845,	41,	18,	96,	62.1798
845,	40,	19,	96,	62.265
845,	40,	18,	97,	62.2907
845,	39,	19,	97,	62.3031
845,	38,	20,	97,	62.3179
844,	39,	20,	97,	62.3496
843,	40,	20,	97,	62.3802
843,	40,	19,	98,	62.6025
842,	41,	19,	98,	62.6543
841,	42,	19,	98,	62.7319
841,	41,	20,	98,	62.7351
841,	40,	21,	98,	62.7581
841,	40,	20,	99,	62.9266
841,	39,	21,	99,	62.9672
840,	40,	21,	99,	62.9673
839,	41,	21,	99,	63.1792
839,	41,	20,	100,	63.4004
838,	42,	20,	100,	63.4212
838,	41,	21,	100,	63.5182
837,	42,	21,	100,	63.5516
837,	41,	22,	100,	63.562
836,	42,	22,	100,	63.5998
836,	41,	23,	100,	63.6907
835,	42,	23,	100,	63.7421
834,	43,	23,	100,	63.7857
834,	42,	24,	100,	63.7894
834,	42,	23,	101,	63.8263
833,	43,	23,	101,	63.8551
832,	44,	23,	101,	64.0342
832,	43,	24,	101,	64.0565
832,	43,	23,	102,	64.0871
831,	44,	23,	102,	64.1436
831,	44,	22,	103,	64.2931
831,	43,	23,	103,	64.2977
831,	43,	22,	104,	64.3401
830,	44,	22,	104,	64.3817
830,	43,	23,	104,	64.4708
829,	44,	23,	104,	64.5024
829,	44,	22,	105,	64.5694
829,	43,	23,	105,	64.7714
829,	42,	24,	105,	64.772
828,	43,	24,	105,	64.82
828,	43,	23,	106,	64.9079
828,	42,	24,	106,	64.9326
827,	43,	24,	106,	65.0205
827,	42,	25,	106,	65.167
827,	42,	24,	107,	65.2856
827,	42,	23,	108,	65.3877
827,	42,	22,	109,	65.445
827,	41,	23,	109,	65.4813
826,	42,	23,	109,	65.5559
825,	43,	23,	109,	65.6346
824,	44,	23,	109,	65.6418
823,	45,	23,	109,	65.6716
823,	44,	24,	109,	65.7062
823,	43,	25,	109,	65.8097
822,	44,	25,	109,	65.8336
822,	43,	26,	109,	65.8741
822,	42,	27,	109,	65.9986
821,	43,	27,	109,	65.9989
821,	42,	28,	109,	66.035
821,	42,	27,	110,	66.142
820,	43,	27,	110,	66.1654
820,	42,	28,	110,	66.3175
820,	42,	27,	111,	66.4871
820,	41,	28,	111,	66.5882
820,	40,	29,	111,	66.6174
820,	40,	28,	112,	66.6272
819,	41,	28,	112,	66.676
819,	41,	27,	113,	66.6957
819,	41,	26,	114,	66.7442
818,	42,	26,	114,	66.7621
818,	41,	27,	114,	66.8418
818,	41,	26,	115,	66.9246
817,	42,	26,	115,	66.9378
817,	42,	25,	116,	66.9721
817,	42,	24,	117,	66.9893
817,	42,	23,	118,	66.995
817,	41,	24,	118,	67.0716
816,	42,	24,	118,	67.0929
815,	43,	24,	118,	67.1154
815,	42,	25,	118,	67.163
815,	42,	24,	119,	67.2197
815,	41,	25,	119,	67.3057
814,	42,	25,	119,	67.3391
814,	42,	24,	120,	67.3601
814,	42,	23,	121,	67.3753
813,	43,	23,	121,	67.4746
813,	42,	24,	121,	67.5208
812,	43,	24,	121,	67.5618
811,	44,	24,	121,	67.7167
810,	45,	24,	121,	67.8016
810,	44,	25,	121,	67.854
810,	44,	24,	122,	67.8886
809,	45,	24,	122,	68.1032
809,	44,	25,	122,	68.1902
808,	45,	25,	122,	68.2404
808,	45,	24,	123,	68.3432
808,	45,	23,	124,	68.4544
808,	44,	24,	124,	68.483
808,	44,	23,	125,	68.5267
807,	45,	23,	125,	68.5715
807,	45,	22,	126,	68.5739
807,	45,	21,	127,	68.5755
807,	44,	22,	127,	68.6062
806,	45,	22,	127,	68.6762
806,	45,	21,	128,	68.6867
806,	45,	20,	129,	68.7175
806,	45,	19,	130,	68.7706
805,	46,	19,	130,	68.7995
804,	47,	19,	130,	68.9818
804,	47,	18,	131,	69.0495
804,	47,	17,	132,	69.0512
804,	46,	18,	132,	69.1303
804,	45,	19,	132,	69.1654
804,	44,	20,	132,	69.1757
804,	43,	21,	132,	69.219
804,	43,	20,	133,	69.2211
803,	44,	20,	133,	69.2798
802,	45,	20,	133,	69.3094
802,	44,	21,	133,	69.4413
802,	43,	22,	133,	69.4543
802,	42,	23,	133,	69.4668
801,	43,	23,	133,	69.5401
800,	44,	23,	133,	69.584
800,	43,	24,	133,	69.6609
799,	44,	24,	133,	69.6648
799,	43,	25,	133,	69.744
798,	44,	25,	133,	69.7744
797,	45,	25,	133,	69.8449
796,	46,	25,	133,	69.8716
796,	45,	26,	133,	69.8845
796,	45,	25,	134,	70.1206
795,	46,	25,	134,	70.2622
794,	47,	25,	134,	70.2848
794,	46,	26,	134,	70.4241
793,	47,	26,	134,	70.4975
793,	46,	27,	134,	70.5173
793,	46,	26,	135,	70.6849
793,	45,	27,	135,	70.7166
793,	44,	28,	135,	70.73
793,	43,	29,	135,	70.7496
793,	42,	30,	135,	70.7756
793,	42,	29,	136,	70.8765
792,	43,	29,	136,	70.9104
792,	42,	30,	136,	70.9197
792,	42,	29,	137,	70.9391
791,	43,	29,	137,	70.9731
791,	43,	28,	138,	71.005
791,	42,	29,	138,	71.1234
791,	42,	28,	139,	71.2154
791,	41,	29,	139,	71.2656
791,	40,	30,	139,	71.3491
791,	40,	29,	140,	71.3929
791,	40,	28,	141,	71.3983
791,	40,	27,	142,	71.4217
790,	41,	27,	142,	71.4308
790,	41,	26,	143,	71.5606
789,	42,	26,	143,	71.7914
789,	41,	27,	143,	71.807
788,	42,	27,	143,	71.8354
788,	42,	26,	144,	71.8535
787,	43,	26,	144,	71.8988
786,	44,	26,	144,	71.9206
786,	44,	25,	145,	71.9446
786,	43,	26,	145,	71.9721
786,	43,	25,	146,	71.993
786,	42,	26,	146,	72.2179
785,	43,	26,	146,	72.2205
784,	44,	26,	146,	72.3076
783,	45,	26,	146,	72.3661
782,	46,	26,	146,	72.4677
781,	47,	26,	146,	72.6448
780,	48,	26,	146,	72.6976
780,	48,	25,	147,	72.698
779,	49,	25,	147,	72.7077
779,	48,	26,	147,	72.7379
778,	49,	26,	147,	72.7701
777,	50,	26,	147,	72.9033
777,	50,	25,	148,	72.9173
776,	51,	25,	148,	72.9422
776,	50,	26,	148,	72.9504
776,	49,	27,	148,	73.1303
775,	50,	27,	148,	73.136
775,	50,	26,	149,	73.1383
775,	49,	27,	149,	73.1727
775,	48,	28,	149,	73.1739
775,	48,	27,	150,	73.2926
775,	47,	28,	150,	73.3061
775,	47,	27,	151,	73.3178
775,	47,	26,	152,	73.3517
774,	48,	26,	152,	73.4413
774,	48,	25,	153,	73.5436
774,	47,	26,	153,	73.549
774,	47,	25,	154,	73.6521
774,	46,	26,	154,	73.6832
774,	45,	27,	154,	73.8343
774,	45,	26,	155,	73.9876
773,	46,	26,	155,	74.0379
772,	47,	26,	155,	74.0928
771,	48,	26,	155,	74.1558
771,	47,	27,	155,	74.1965
771,	46,	28,	155,	74.1985
771,	46,	27,	156,	74.2214
771,	45,	28,	156,	74.2758
771,	44,	29,	156,	74.2764
771,	44,	28,	157,	74.4523
770,	45,	28,	157,	74.4626
770,	45,	27,	158,	74.4744
770,	44,	28,	158,	74.4746
770,	43,	29,	158,	74.4906
770,	43,	28,	159,	74.493
770,	43,	27,	160,	74.5265
769,	44,	27,	160,	74.623
769,	43,	28,	160,	74.6456
769,	42,	29,	160,	74.8362
769,	42,	28,	161,	74.8471
769,	42,	27,	162,	74.8519
768,	43,	27,	162,	74.9065
768,	42,	28,	162,	74.9176
768,	42,	27,	163,	75.0251
767,	43,	27,	163,	75.0615
767,	42,	28,	163,	75.1071
767,	41,	29,	163,	75.1755
766,	42,	29,	163,	75.1893
766,	41,	30,	163,	75.2377
766,	41,	29,	164,	75.2729
766,	40,	30,	164,	75.317
766,	40,	29,	165,	75.3939
766,	40,	28,	166,	75.4004
766,	39,	29,	166,	75.4009
766,	38,	30,	166,	75.49
766,	37,	31,	166,	75.5379
766,	37,	30,	167,	75.5593
766,	37,	29,	168,	75.5789
765,	38,	29,	168,	75.6524
764,	39,	29,	168,	75.6893
763,	40,	29,	168,	75.7007
762,	41,	29,	168,	75.7483
762,	40,	30,	168,	75.8861
762,	40,	29,	169,	75.922
761,	41,	29,	169,	75.9282
760,	42,	29,	169,	76.1215
759,	43,	29,	169,	76.1837
759,	43,	28,	170,	76.2334
758,	44,	28,	170,	76.2369
758,	44,	27,	171,	76.4585
757,	45,	27,	171,	76.486
757,	45,	26,	172,	76.537
757,	45,	25,	173,	76.6448
757,	44,	26,	173,	76.7695
756,	45,	26,	173,	76.7731
756,	45,	25,	174,	76.8757
755,	46,	25,	174,	76.8782
755,	45,	26,	174,	76.8968
754,	46,	26,	174,	76.9222
753,	47,	26,	174,	76.9788
752,	48,	26,	174,	76.9918
752,	48,	25,	175,	76.9936
752,	47,	26,	175,	77.0137
752,	46,	27,	175,	77.238
752,	46,	26,	176,	77.2784
751,	47,	26,	176,	77.2926
750,	48,	26,	176,	77.4284
750,	48,	25,	177,	77.4876
750,	48,	24,	178,	77.5326
750,	48,	23,	179,	77.6235
749,	49,	23,	179,	77.6417
749,	48,	24,	179,	77.7823
748,	49,	24,	179,	77.8191
747,	50,	24,	179,	77.8648
747,	49,	25,	179,	77.9044
747,	48,	26,	179,	77.9484
747,	47,	27,	179,	77.9597
747,	47,	26,	180,	77.9926
746,	48,	26,	180,	78.0123
745,	49,	26,	180,	78.0827
744,	50,	26,	180,	78.1072
744,	49,	27,	180,	78.1146
744,	49,	26,	181,	78.2303
743,	50,	26,	181,	78.255
743,	50,	25,	182,	78.2756
742,	51,	25,	182,	78.3104
742,	51,	24,	183,	78.3532
742,	50,	25,	183,	78.3645
742,	50,	24,	184,	78.3663
742,	49,	25,	184,	78.4602
742,	49,	24,	185,	78.5072
742,	48,	25,	185,	78.5253
741,	49,	25,	185,	78.5542
741,	48,	26,	185,	78.5655
740,	49,	26,	185,	78.5788
740,	49,	25,	186,	78.5888
740,	49,	24,	187,	78.6117
740,	48,	25,	187,	78.6241
739,	49,	25,	187,	78.7678
738,	50,	25,	187,	79.0102
738,	50,	24,	188,	79.1508
737,	51,	24,	188,	79.2671
736,	52,	24,	188,	79.2729
736,	51,	25,	188,	79.3137
735,	52,	25,	188,	79.3582
734,	53,	25,	188,	79.5478
733,	54,	25,	188,	79.7056
733,	53,	26,	188,	79.7115
733,	53,	25,	189,	79.7724
733,	52,	26,	189,	79.8731
733,	52,	25,	190,	79.9673
733,	52,	24,	191,	80.0069
732,	53,	24,	191,	80.0287
732,	52,	25,	191,	80.0492
731,	53,	25,	191,	80.0498
731,	53,	24,	192,	80.13
731,	52,	25,	192,	80.1966
731,	51,	26,	192,	80.2351
731,	51,	25,	193,	80.2684
730,	52,	25,	193,	80.2774
730,	51,	26,	193,	80.3268
729,	52,	26,	193,	80.4534
728,	53,	26,	193,	80.4683
728,	52,	27,	193,	80.6256
728,	51,	28,	193,	80.7038
728,	51,	27,	194,	80.7081
728,	51,	26,	195,	80.7278
728,	51,	25,	196,	80.8436
728,	50,	26,	196,	80.8596
728,	50,	25,	197,	80.9435
728,	49,	26,	197,	80.9626
727,	50,	26,	197,	80.9746
727,	50,	25,	198,	80.9855
727,	50,	24,	199,	81.0379
727,	49,	25,	199,	81.1264
727,	48,	26,	199,	81.2659
727,	47,	27,	199,	81.2903
727,	46,	28,	199,	81.3104
727,	46,	27,	200,	81.3363
727,	45,	28,	200,	81.3418
727,	45,	27,	201,	81.3597
727,	44,	28,	201,	81.3802
727,	44,	27,	202,	81.4199
727,	43,	28,	202,	81.4696
727,	43,	27,	203,	81.5261
727,	42,	28,	203,	81.8437
726,	43,	28,	203,	81.8525
726,	42,	29,	203,	81.859
726,	42,	28,	204,	81.8868
726,	41,	29,	204,	81.8895
726,	41,	28,	205,	81.9328
725,	42,	28,	205,	81.9734
724,	43,	28,	205,	81.9802
724,	43,	27,	206,	82.1247
723,	44,	27,	206,	82.3467
723,	44,	26,	207,	82.4106
722,	45,	26,	207,	82.4326
722,	44,	27,	207,	82.4605
722,	44,	26,	208,	82.5052
722,	43,	27,	208,	82.5432
722,	42,	28,	208,	82.6917
722,	41,	29,	208,	82.7521
722,	40,	30,	208,	82.7549
722,	40,	29,	209,	82.8754
722,	40,	28,	210,	82.929
722,	39,	29,	210,	83.1429
722,	39,	28,	211,	83.1468
721,	40,	28,	211,	83.3499
720,	41,	28,	211,	83.5554
720,	40,	29,	211,	83.5756
720,	40,	28,	212,	83.6239
719,	41,	28,	212,	83.6853
718,	42,	28,	212,	83.7785
717,	43,	28,	212,	83.8233
717,	42,	29,	212,	83.8304
717,	42,	28,	213,	83.836
716,	43,	28,	213,	83.8685
716,	42,	29,	213,	84.027
715,	43,	29,	213,	84.1572
714,	44,	29,	213,	84.2151
713,	45,	29,	213,	84.2221
713,	45,	28,	214,	84.4352
713,	44,	29,	214,	84.4886
712,	45,	29,	214,	84.5797
711,	46,	29,	214,	84.6616
711,	45,	30,	214,	84.6661
710,	46,	30,	214,	84.684
710,	45,	31,	214,	84.732
710,	44,	32,	214,	84.82
710,	43,	33,	214,	84.8453
709,	44,	33,	214,	84.8681
709,	44,	32,	215,	84.9962
709,	43,	33,	215,	85.0655
709,	42,	34,	215,	85.1151
708,	43,	34,	215,	85.1519
708,	43,	33,	216,	85.1678
707,	44,	33,	216,	85.2357
706,	45,	33,	216,	85.2793
706,	45,	32,	217,	85.3029
706,	44,	33,	217,	85.3108
706,	44,	32,	218,	85.3362
706,	44,	31,	219,	85.3638
705,	45,	31,	219,	85.3764
704,	46,	31,	219,	85.4142
704,	46,	30,	220,	85.4434
704,	46,	29,	221,	85.4522
703,	47,	29,	221,	85.503
703,	46,	30,	221,	85.5635
703,	46,	29,	222,	85.5639
703,	46,	28,	223,	85.5832
703,	46,	27,	224,	85.6402
703,	46,	26,	225,	85.6475
703,	45,	27,	225,	85.6624
703,	45,	26,	226,	85.6667
703,	44,	27,	226,	85.7326
702,	45,	27,	226,	85.7728
701,	46,	27,	226,	85.8108
701,	45,	28,	226,	85.8146
701,	44,	29,	226,	85.9151
701,	43,	30,	226,	86.0229
700,	44,	30,	226,	86.0863
700,	44,	29,	227,	86.0979
700,	44,	28,	228,	86.1173
699,	45,	28,	228,	86.1638
699,	44,	29,	228,	86.2862
699,	43,	30,	228,	86.291
699,	42,	31,	228,	86.3501
698,	43,	31,	228,	86.4475
698,	42,	32,	228,	86.7022
697,	43,	32,	228,	86.772
696,	44,	32,	228,	86.7726
695,	45,	32,	228,	86.8241
695,	45,	31,	229,	86.8644
695,	45,	30,	230,	86.8809
695,	45,	29,	231,	86.9152
695,	44,	30,	231,	87.049
694,	45,	30,	231,	87.0627
693,	46,	30,	231,	87.1377
693,	45,	31,	231,	87.1788
693,	45,	30,	232,	87.1833
693,	45,	29,	233,	87.1834
693,	44,	30,	233,	87.211
692,	45,	30,	233,	87.2673
692,	45,	29,	234,	87.3899
692,	44,	30,	234,	87.4314
691,	45,	30,	234,	87.446
690,	46,	30,	234,	87.4798
690,	46,	29,	235,	87.5321
690,	45,	30,	235,	87.5344
690,	45,	29,	236,	87.5481
690,	45,	28,	237,	87.6176
690,	44,	29,	237,	87.752
689,	45,	29,	237,	87.8457
688,	46,	29,	237,	87.8736
688,	45,	30,	237,	87.9719
688,	44,	31,	237,	87.9998
688,	44,	30,	238,	88.1235
687,	45,	30,	238,	88.1357
687,	45,	29,	239,	88.1359
687,	45,	28,	240,	88.1485
686,	46,	28,	240,	88.18
686,	45,	29,	240,	88.2302
686,	44,	30,	240,	88.3094
686,	44,	29,	241,	88.3531
686,	43,	30,	241,	88.512
686,	43,	29,	242,	88.6123
685,	44,	29,	242,	88.657
685,	44,	28,	243,	88.6928
685,	43,	29,	243,	88.7453
685,	43,	28,	244,	88.7785
685,	42,	29,	244,	88.7908
685,	41,	30,	244,	88.8033
685,	41,	29,	245,	88.8161
685,	40,	30,	245,	88.8499
685,	39,	31,	245,	88.9847
684,	40,	31,	245,	89.0621
683,	41,	31,	245,	89.1752
683,	41,	30,	246,	89.2864
682,	42,	30,	246,	89.3678
681,	43,	30,	246,	89.3734
681,	43,	29,	247,	89.4305
681,	42,	30,	247,	89.5027
680,	43,	30,	247,	89.5241
679,	44,	30,	247,	89.5364
679,	43,	31,	247,	89.5386
679,	43,	30,	248,	89.5918
679,	42,	31,	248,	89.6088
679,	41,	32,	248,	89.6208
679,	40,	33,	248,	89.6286
679,	39,	34,	248,	89.7401
679,	38,	35,	248,	89.7879
678,	39,	35,	248,	89.8058
678,	38,	36,	248,	89.8668
678,	37,	37,	248,	89.8973
678,	37,	36,	249,	89.9729
677,	38,	36,	249,	89.9862
677,	38,	35,	250,	90.0123
677,	37,	36,	250,	90.0634
677,	37,	35,	251,	90.1307
676,	38,	35,	251,	90.2211
676,	37,	36,	251,	90.3365
676,	36,	37,	251,	90.4405
675,	37,	37,	251,	90.4444
674,	38,	37,	251,	90.4689
673,	39,	37,	251,	90.5318
673,	39,	36,	252,	90.5615
672,	40,	36,	252,	90.5931
672,	40,	35,	253,	90.5972
671,	41,	35,	253,	90.6509
671,	41,	34,	254,	90.6568
671,	41,	33,	255,	90.7647
671,	41,	32,	256,	90.8234
671,	41,	31,	257,	90.844
670,	42,	31,	257,	90.9467
670,	41,	32,	257,	91.0556
669,	42,	32,	257,	91.078
668,	43,	32,	257,	91.1277
667,	44,	32,	257,	91.1711
667,	44,	31,	258,	91.2754
667,	44,	30,	259,	91.316
666,	45,	30,	259,	91.3274
666,	45,	29,	260,	91.3349
665,	46,	29,	260,	91.3537
665,	46,	28,	261,	91.3808
665,	46,	27,	262,	91.4327
664,	47,	27,	262,	91.4329
664,	47,	26,	263,	91.445
664,	46,	27,	263,	91.5031
663,	47,	27,	263,	91.5135
662,	48,	27,	263,	91.6343
662,	47,	28,	263,	91.6743
662,	47,	27,	264,	91.6775
662,	47,	26,	265,	91.8322
662,	46,	27,	265,	91.8566
661,	47,	27,	265,	92.0596
661,	47,	26,	266,	92.2166
660,	48,	26,	266,	92.2495
660,	48,	25,	267,	92.3102
660,	48,	24,	268,	92.3555
660,	47,	25,	268,	92.3694
660,	47,	24,	269,	92.455
660,	47,	23,	270,	92.4645
660,	46,	24,	270,	92.4657
660,	46,	23,	271,	92.6862
660,	46,	22,	272,	92.8372
659,	47,	22,	272,	92.8644
658,	48,	22,	272,	92.8755
658,	48,	21,	273,	92.8802
658,	47,	22,	273,	92.8856
658,	47,	21,	274,	92.9893
658,	46,	22,	274,	93.0078
658,	46,	21,	275,	93.0259
658,	45,	22,	275,	93.1332
658,	44,	23,	275,	93.1416
658,	44,	22,	276,	93.3082
658,	44,	21,	277,	93.6565
658,	44,	20,	278,	93.6587
658,	43,	21,	278,	93.9128
658,	42,	22,	278,	93.9496
657,	43,	22,	278,	94.1945
657,	42,	23,	278,	94.2357
657,	42,	22,	279,	94.2402
656,	43,	22,	279,	94.2861
656,	42,	23,	279,	94.3109
656,	41,	24,	279,	94.3729
655,	42,	24,	279,	94.4068
655,	42,	23,	280,	94.6406
655,	42,	22,	281,	94.8323
655,	42,	21,	282,	94.8379
655,	42,	20,	283,	94.9307
655,	42,	19,	284,	94.9976
654,	43,	19,	284,	95.0182
653,	44,	19,	284,	95.0644
653,	43,	20,	284,	95.1165
653,	42,	21,	284,	95.2942
653,	42,	20,	285,	95.3968
653,	41,	21,	285,	95.4315
653,	40,	22,	285,	95.4872
653,	39,	23,	285,	95.5847
653,	38,	24,	285,	95.5892
653,	38,	23,	286,	95.6646
653,	37,	24,	286,	95.7502
653,	36,	25,	286,	95.7727
653,	36,	24,	287,	95.8315
652,	37,	24,	287,	95.8555
651,	38,	24,	287,	96.0705
650,	39,	24,	287,	96.1813
650,	39,	23,	288,	96.1891
649,	40,	23,	288,	96.3816
648,	41,	23,	288,	96.5334
647,	42,	23,	288,	96.6377
647,	42,	22,	289,	96.6774
647,	41,	23,	289,	96.8132
647,	41,	22,	290,	96.8521
647,	41,	21,	291,	96.856
646,	42,	21,	291,	96.8958
645,	43,	21,	291,	97.0479
645,	42,	22,	291,	97.1221
645,	41,	23,	291,	97.1549
645,	40,	24,	291,	97.2163
645,	40,	23,	292,	97.4512
645,	39,	24,	292,	97.4872
645,	38,	25,	292,	97.5521
645,	38,	24,	293,	97.5757
645,	38,	23,	294,	97.586
645,	37,	24,	294,	97.6272
644,	38,	24,	294,	97.694
644,	38,	23,	295,	97.7066
644,	37,	24,	295,	97.7192
644,	36,	25,	295,	97.7625
644,	35,	26,	295,	97.8166
644,	34,	27,	295,	97.8503
644,	34,	26,	296,	97.8532
644,	34,	25,	297,	97.8584
644,	33,	26,	297,	97.8981
643,	34,	26,	297,	97.9792
642,	35,	26,	297,	98.1308
641,	36,	26,	297,	98.1762
641,	36,	25,	298,	98.2786
641,	35,	26,	298,	98.3381
640,	36,	26,	298,	98.3592
639,	37,	26,	298,	98.3759
638,	38,	26,	298,	98.4316
637,	39,	26,	298,	98.459
636,	40,	26,	298,	98.4793
636,	39,	27,	298,	98.5146
636,	38,	28,	298,	98.6058
636,	38,	27,	299,	98.9337
635,	39,	27,	299,	98.9366
634,	40,	27,	299,	99.0739
634,	39,	28,	299,	99.1694
633,	40,	28,	299,	99.231
633,	39,	29,	299,	99.2358
633,	38,	30,	299,	99.2582
633,	37,	31,	299,	99.3403
633,	37,	30,	300,	99.4183
633,	36,	31,	300,	99.5537
633,	36,	30,	301,	99.8823
633,	35,	31,	301,	100.054
633,	35,	30,	302,	100.099
633,	34,	31,	302,	100.153
633,	33,	32,	302,	100.352
632,	34,	32,	302,	100.374
632,	33,	33,	302,	100.488
632,	33,	32,	303,	100.501
632,	32,	33,	303,	100.502
632,	32,	32,	304,	100.597
632,	32,	31,	305,	100.603
632,	31,	32,	305,	100.652
632,	30,	33,	305,	100.665
631,	31,	33,	305,	100.701
631,	31,	32,	306,	100.758
630,	32,	32,	306,	100.758
630,	31,	33,	306,	100.935
629,	32,	33,	306,	100.945
629,	32,	32,	307,	100.952
629,	32,	31,	308,	100.972
628,	33,	31,	308,	100.987
627,	34,	31,	308,	101.184
626,	35,	31,	308,	101.222
625,	36,	31,	308,	101.243
625,	35,	32,	308,	101.285
625,	35,	31,	309,	101.315
624,	36,	31,	309,	101.342
623,	37,	31,	309,	101.512
623,	36,	32,	309,	101.528
623,	36,	31,	310,	101.674
622,	37,	31,	310,	101.676
621,	38,	31,	310,	101.694
621,	37,	32,	310,	101.702
621,	37,	31,	311,	101.751
621,	36,	32,	311,	101.751
621,	35,	33,	311,	101.877
621,	34,	34,	311,	102.121
621,	34,	33,	312,	102.289
621,	34,	32,	313,	102.391
620,	35,	32,	313,	102.446
620,	35,	31,	314,	102.454
620,	35,	30,	315,	102.618
619,	36,	30,	315,	102.667
619,	36,	29,	316,	102.688
618,	37,	29,	316,	102.951
617,	38,	29,	316,	102.951
616,	39,	29,	316,	103.042
616,	39,	28,	317,	103.133
616,	38,	29,	317,	103.456
616,	37,	30,	317,	103.482
616,	36,	31,	317,	103.485
616,	36,	30,	318,	103.578
615,	37,	30,	318,	103.639
614,	38,	30,	318,	103.702
614,	37,	31,	318,	103.734
614,	36,	32,	318,	103.872
614,	35,	33,	318,	103.916
614,	35,	32,	319,	103.952
614,	35,	31,	320,	103.998
613,	36,	31,	320,	104.113
612,	37,	31,	320,	104.175
612,	37,	30,	321,	104.252
612,	37,	29,	322,	104.298
612,	37,	28,	323,	104.422
611,	38,	28,	323,	104.49
611,	38,	27,	324,	104.536
610,	39,	27,	324,	104.547
609,	40,	27,	324,	104.565
609,	40,	26,	325,	104.618
609,	39,	27,	325,	104.648
609,	38,	28,	325,	104.731
608,	39,	28,	325,	104.774
608,	39,	27,	326,	104.787
608,	38,	28,	326,	104.925
607,	39,	28,	326,	104.927
607,	39,	27,	327,	104.982
606,	40,	27,	327,	104.982
606,	40,	26,	328,	105.05
606,	39,	27,	328,	105.17
606,	38,	28,	328,	105.316
606,	38,	27,	329,	105.337
605,	39,	27,	329,	105.352
605,	39,	26,	330,	105.382
605,	38,	27,	330,	105.393
604,	39,	27,	330,	105.533
604,	38,	28,	330,	105.543
604,	37,	29,	330,	105.664
603,	38,	29,	330,	105.807
602,	39,	29,	330,	105.848
601,	40,	29,	330,	105.913
601,	39,	30,	330,	106.031
600,	40,	30,	330,	106.074
600,	39,	31,	330,	106.139
600,	39,	30,	331,	106.258
600,	38,	31,	331,	106.295
600,	38,	30,	332,	106.364
600,	38,	29,	333,	106.451
600,	38,	28,	334,	106.544
599,	39,	28,	334,	106.595
599,	39,	27,	335,	106.641
599,	38,	28,	335,	106.719
599,	37,	29,	335,	106.736
598,	38,	29,	335,	106.753
597,	39,	29,	335,	106.87
596,	40,	29,	335,	106.909
596,	39,	30,	335,	106.919
595,	40,	30,	335,	106.967
594,	41,	30,	335,	107.087
594,	40,	31,	335,	107.22
593,	41,	31,	335,	107.527
593,	41,	30,	336,	107.568
592,	42,	30,	336,	107.61
592,	42,	29,	337,	107.69
591,	43,	29,	337,	107.763
590,	44,	29,	337,	107.773
590,	43,	30,	337,	107.89
590,	42,	31,	337,	107.944
589,	43,	31,	337,	108.037
588,	44,	31,	337,	108.091
587,	45,	31,	337,	108.096
587,	45,	30,	338,	108.149
587,	44,	31,	338,	108.228
587,	44,	30,	339,	108.282
587,	44,	29,	340,	108.389
587,	43,	30,	340,	108.479
587,	43,	29,	341,	108.483
587,	42,	30,	341,	108.526
587,	41,	31,	341,	108.532
587,	41,	30,	342,	108.542
586,	42,	30,	342,	108.624
586,	42,	29,	343,	108.699
586,	41,	30,	343,	108.756
585,	42,	30,	343,	108.786
584,	43,	30,	343,	108.79
584,	43,	29,	344,	108.815
584,	42,	30,	344,	108.829
584,	42,	29,	345,	108.868
584,	41,	30,	345,	108.883
583,	42,	30,	345,	108.985
582,	43,	30,	345,	108.986
582,	43,	29,	346,	109.162
582,	43,	28,	347,	109.167
581,	44,	28,	347,	109.209
581,	43,	29,	347,	109.374
581,	42,	30,	347,	109.378
580,	43,	30,	347,	109.464
579,	44,	30,	347,	109.491
579,	43,	31,	347,	109.495
579,	43,	30,	348,	109.5
579,	43,	29,	349,	109.518
579,	42,	30,	349,	109.53
578,	43,	30,	349,	109.594
578,	43,	29,	350,	109.652
577,	44,	29,	350,	109.704
576,	45,	29,	350,	109.87
576,	44,	30,	350,	109.882
576,	43,	31,	350,	109.893
576,	43,	30,	351,	109.899
576,	42,	31,	351,	109.925
576,	42,	30,	352,	110.334
576,	41,	31,	352,	110.336
575,	42,	31,	352,	110.38
574,	43,	31,	352,	110.408
574,	42,	32,	352,	110.504
574,	42,	31,	353,	110.525
573,	43,	31,	353,	110.556
573,	43,	30,	354,	110.639
573,	43,	29,	355,	110.694
572,	44,	29,	355,	110.834
571,	45,	29,	355,	110.849
570,	46,	29,	355,	110.863
570,	46,	28,	356,	110.9
570,	46,	27,	357,	111.022
569,	47,	27,	357,	111.084
568,	48,	27,	357,	111.178
568,	47,	28,	357,	111.193
568,	47,	27,	358,	111.33
568,	47,	26,	359,	111.365
568,	46,	27,	359,	111.397
567,	47,	27,	359,	111.473
567,	47,	26,	360,	111.518
566,	48,	26,	360,	111.838
565,	49,	26,	360,	111.904
565,	49,	25,	361,	111.905
565,	48,	26,	361,	111.922
564,	49,	26,	361,	111.961
563,	50,	26,	361,	112.147
563,	49,	27,	361,	112.177
563,	48,	28,	361,	112.205
563,	47,	29,	361,	112.241
563,	47,	28,	362,	112.289
562,	48,	28,	362,	112.314
561,	49,	28,	362,	112.366
561,	49,	27,	363,	112.381
561,	48,	28,	363,	112.445
561,	47,	29,	363,	112.513
560,	48,	29,	363,	112.795
559,	49,	29,	363,	112.826
558,	50,	29,	363,	112.853
558,	50,	28,	364,	112.899
558,	49,	29,	364,	112.899
557,	50,	29,	364,	112.948
556,	51,	29,	364,	112.978
555,	52,	29,	364,	113.017
555,	51,	30,	364,	113.027
555,	51,	29,	365,	113.121
554,	52,	29,	365,	113.122
554,	52,	28,	366,	113.204
554,	51,	29,	366,	113.259
554,	50,	30,	366,	113.328
553,	51,	30,	366,	113.436
553,	50,	31,	366,	113.463
553,	50,	30,	367,	113.575
553,	49,	31,	367,	113.662
552,	50,	31,	367,	113.766
552,	50,	30,	368,	113.815
551,	51,	30,	368,	113.815
551,	50,	31,	368,	113.853
551,	49,	32,	368,	114.126
551,	49,	31,	369,	114.143
551,	49,	30,	370,	114.198
551,	49,	29,	371,	114.294
551,	49,	28,	372,	114.332
550,	50,	28,	372,	114.41
550,	50,	27,	373,	114.519
550,	50,	26,	374,	114.637
550,	49,	27,	374,	114.725
550,	49,	26,	375,	114.851
550,	48,	27,	375,	114.954
550,	47,	28,	375,	114.982
550,	47,	27,	376,	115.125
549,	48,	27,	376,	115.134
549,	47,	28,	376,	115.278
549,	47,	27,	377,	115.28
549,	46,	28,	377,	115.305
549,	45,	29,	377,	115.342
549,	44,	30,	377,	115.363
549,	43,	31,	377,	115.448
548,	44,	31,	377,	115.481
547,	45,	31,	377,	115.592
547,	44,	32,	377,	115.605
547,	43,	33,	377,	115.605
547,	43,	32,	378,	115.606
547,	42,	33,	378,	115.629
546,	43,	33,	378,	115.857
545,	44,	33,	378,	115.889
545,	43,	34,	378,	115.903
545,	42,	35,	378,	115.904
545,	42,	34,	379,	115.936
545,	41,	35,	379,	116.064
545,	40,	36,	379,	116.09
545,	40,	35,	380,	116.154
545,	39,	36,	380,	116.195
545,	38,	37,	380,	116.202
545,	37,	38,	380,	116.225
545,	36,	39,	380,	116.31
544,	37,	39,	380,	116.321
543,	38,	39,	380,	116.333
542,	39,	39,	380,	116.428
542,	39,	38,	381,	116.457
542,	39,	37,	382,	116.607
541,	40,	37,	382,	116.751
540,	41,	37,	382,	117.055
540,	40,	38,	382,	117.055
540,	39,	39,	382,	117.152
540,	39,	38,	383,	117.303
540,	39,	37,	384,	117.439
539,	40,	37,	384,	117.465
539,	39,	38,	384,	117.475
539,	38,	39,	384,	117.486
538,	39,	39,	384,	117.501
538,	39,	38,	385,	117.559
538,	39,	37,	386,	117.565
538,	38,	38,	386,	117.785
538,	38,	37,	387,	117.812
538,	37,	38,	387,	117.837
538,	37,	37,	388,	117.853
538,	36,	38,	388,	117.913
538,	35,	39,	388,	117.98
538,	34,	40,	388,	117.981
538,	34,	39,	389,	118.027
538,	33,	40,	389,	118.098
537,	34,	40,	389,	118.105
537,	33,	41,	389,	118.106
537,	32,	42,	389,	118.111
537,	32,	41,	390,	118.131
537,	31,	42,	390,	118.164
537,	31,	41,	391,	118.294
536,	32,	41,	391,	118.299
536,	31,	42,	391,	118.311
535,	32,	42,	391,	118.382
535,	31,	43,	391,	118.39
535,	30,	44,	391,	118.428
535,	29,	45,	391,	118.517
534,	30,	45,	391,	118.564
533,	31,	45,	391,	118.603
532,	32,	45,	391,	118.772
532,	32,	44,	392,	118.782
532,	32,	43,	393,	118.923
532,	32,	42,	394,	118.97
532,	31,	43,	394,	119.097
532,	31,	42,	395,	119.119
532,	31,	41,	396,	119.136
532,	31,	40,	397,	119.153
531,	32,	40,	397,	119.172
530,	33,	40,	397,	119.251
530,	33,	39,	398,	119.272
529,	34,	39,	398,	119.294
529,	33,	40,	398,	119.313
528,	34,	40,	398,	119.324
528,	34,	39,	399,	119.348
528,	34,	38,	400,	119.412
527,	35,	38,	400,	119.416
526,	36,	38,	400,	119.471
525,	37,	38,	400,	119.477
525,	37,	37,	401,	119.48
525,	37,	36,	402,	119.519
524,	38,	36,	402,	119.566
523,	39,	36,	402,	119.568
522,	40,	36,	402,	119.581
522,	39,	37,	402,	119.726
521,	40,	37,	402,	119.787
521,	40,	36,	403,	119.866
521,	40,	35,	404,	119.873
521,	40,	34,	405,	119.887
521,	40,	33,	406,	119.893
520,	41,	33,	406,	119.896
520,	41,	32,	407,	119.926
520,	41,	31,	408,	119.926
520,	40,	32,	408,	119.928
520,	39,	33,	408,	119.93
520,	38,	34,	408,	119.941
520,	37,	35,	408,	120.178
520,	36,	36,	408,	120.233
520,	35,	37,	408,	120.32
520,	34,	38,	408,	120.33
519,	35,	38,	408,	120.366
519,	35,	37,	409,	120.382
518,	36,	37,	409,	120.438
518,	35,	38,	409,	120.516
517,	36,	38,	409,	120.564
517,	36,	37,	410,	120.703
517,	36,	36,	411,	120.773
517,	36,	35,	412,	120.773
516,	37,	35,	412,	120.989
516,	36,	36,	412,	121.017
516,	36,	35,	413,	121.021
516,	36,	34,	414,	121.094
516,	35,	35,	414,	121.125
516,	34,	36,	414,	121.234
516,	34,	35,	415,	121.589
515,	35,	35,	415,	121.618
514,	36,	35,	415,	121.635
513,	37,	35,	415,	121.695
513,	37,	34,	416,	121.698
512,	38,	34,	416,	121.822
512,	37,	35,	416,	121.834
512,	37,	34,	417,	121.848
512,	37,	33,	418,	121.852
512,	37,	32,	419,	121.919
512,	36,	33,	419,	121.982
512,	36,	32,	420,	122.244
512,	35,	33,	420,	122.361
512,	35,	32,	421,	122.394
512,	35,	31,	422,	122.591
512,	35,	30,	423,	122.613
511,	36,	30,	423,	122.645
511,	36,	29,	424,	122.678
511,	36,	28,	425,	122.697
511,	36,	27,	426,	122.699
511,	35,	28,	426,	122.739
510,	36,	28,	426,	123.046
509,	37,	28,	426,	123.144
508,	38,	28,	426,	123.164
508,	38,	27,	427,	123.192
508,	38,	26,	428,	123.73
508,	37,	27,	428,	123.905
507,	38,	27,	428,	123.951
506,	39,	27,	428,	124.002
506,	38,	28,	428,	124.141
506,	37,	29,	428,	124.16
506,	37,	28,	429,	124.296
505,	38,	28,	429,	124.356
504,	39,	28,	429,	124.46
504,	38,	29,	429,	124.552
503,	39,	29,	429,	124.561
503,	39,	28,	430,	124.592
502,	40,	28,	430,	124.661
502,	39,	29,	430,	124.855
502,	38,	30,	430,	124.884
502,	38,	29,	431,	125.015
502,	38,	28,	432,	125.026
502,	38,	27,	433,	125.07
502,	37,	28,	433,	125.169
502,	36,	29,	433,	125.282
502,	35,	30,	433,	125.345
502,	34,	31,	433,	125.372
502,	34,	30,	434,	125.621
501,	35,	30,	434,	125.624
501,	35,	29,	435,	125.872
501,	35,	28,	436,	125.885
500,	36,	28,	436,	125.984
500,	36,	27,	437,	126.256
500,	35,	28,	437,	126.323
500,	35,	27,	438,	126.414
499,	36,	27,	438,	126.478
499,	35,	28,	438,	126.522
498,	36,	28,	438,	126.565
498,	36,	27,	439,	126.579
497,	37,	27,	439,	126.594
497,	37,	26,	440,	126.595
497,	37,	25,	441,	126.696
497,	37,	24,	442,	126.702
497,	37,	23,	443,	126.988
497,	37,	22,	444,	127.141
496,	38,	22,	444,	127.517
495,	39,	22,	444,	127.57
495,	39,	21,	445,	127.574
494,	40,	21,	445,	127.653
493,	41,	21,	445,	127.681
493,	40,	22,	445,	127.943
493,	40,	21,	446,	127.947
492,	41,	21,	446,	128.017
492,	40,	22,	446,	128.033
491,	41,	22,	446,	128.054
491,	40,	23,	446,	128.111
491,	40,	22,	447,	128.193
491,	40,	21,	448,	128.218
491,	39,	22,	448,	128.721
491,	39,	21,	449,	128.736
490,	40,	21,	449,	129.005
490,	39,	22,	449,	129.056
490,	39,	21,	450,	129.066
490,	38,	22,	450,	129.071
490,	37,	23,	450,	129.125
490,	37,	22,	451,	129.164
490,	37,	21,	452,	129.184
490,	36,	22,	452,	129.252
490,	36,	21,	453,	129.274
490,	36,	20,	454,	129.289
490,	36,	19,	455,	129.342
490,	36,	18,	456,	129.354
490,	36,	17,	457,	129.484
490,	35,	18,	457,	129.554
489,	36,	18,	457,	129.609
488,	37,	18,	457,	129.657
488,	37,	17,	458,	129.747
488,	36,	18,	458,	129.828
488,	35,	19,	458,	129.964
487,	36,	19,	458,	130.147
486,	37,	19,	458,	130.305
486,	36,	20,	458,	130.452
485,	37,	20,	458,	130.543
485,	36,	21,	458,	131.03
485,	35,	22,	458,	131.207
484,	36,	22,	458,	131.243
484,	35,	23,	458,	131.277
484,	35,	22,	459,	131.299
483,	36,	22,	459,	131.36
482,	37,	22,	459,	131.481
482,	37,	21,	460,	131.541
482,	37,	20,	461,	131.912
482,	36,	21,	461,	131.973
482,	35,	22,	461,	132.663
482,	35,	21,	462,	132.698
482,	34,	22,	462,	132.772
482,	34,	21,	463,	132.795
482,	33,	22,	463,	132.964
482,	33,	21,	464,	133.02
481,	34,	21,	464,	133.032
481,	33,	22,	464,	133.094
480,	34,	22,	464,	133.248
480,	33,	23,	464,	133.26
480,	32,	24,	464,	133.306
480,	31,	25,	464,	133.503
479,	32,	25,	464,	133.617
479,	32,	24,	465,	133.622
479,	31,	25,	465,	133.698
479,	31,	24,	466,	133.765
478,	32,	24,	466,	133.853
478,	32,	23,	467,	133.864
478,	31,	24,	467,	134.187
478,	30,	25,	467,	134.202
478,	30,	24,	468,	134.287
477,	31,	24,	468,	134.54
477,	30,	25,	468,	134.608
476,	31,	25,	468,	135.017
476,	31,	24,	469,	135.038
476,	31,	23,	470,	135.089
475,	32,	23,	470,	135.244
475,	31,	24,	470,	135.477
474,	32,	24,	470,	135.542
474,	32,	23,	471,	135.571
473,	33,	23,	471,	135.625
472,	34,	23,	471,	135.714
472,	34,	22,	472,	135.742
472,	34,	21,	473,	135.759
472,	34,	20,	474,	135.828
471,	35,	20,	474,	135.853
470,	36,	20,	474,	135.92
469,	37,	20,	474,	136.008
468,	38,	20,	474,	136.158
468,	37,	21,	474,	136.23
468,	36,	22,	474,	136.241
468,	36,	21,	475,	136.266
467,	37,	21,	475,	136.508
467,	36,	22,	475,	136.661
467,	36,	21,	476,	136.704
467,	36,	20,	477,	136.777
467,	36,	19,	478,	136.871
467,	36,	18,	479,	136.952
467,	35,	19,	479,	137.073
466,	36,	19,	479,	137.106
465,	37,	19,	479,	137.148
465,	36,	20,	479,	137.185
465,	35,	21,	479,	137.422
465,	35,	20,	480,	137.743
464,	36,	20,	480,	137.821
464,	36,	19,	481,	137.879
464,	35,	20,	481,	137.994
464,	35,	19,	482,	138.08
464,	35,	18,	483,	138.323
464,	34,	19,	483,	138.477
464,	33,	20,	483,	138.496
464,	32,	21,	483,	138.794
464,	32,	20,	484,	138.825
463,	33,	20,	484,	138.915
463,	32,	21,	484,	138.947
462,	33,	21,	484,	139.21
462,	32,	22,	484,	139.248
462,	32,	21,	485,	139.352
461,	33,	21,	485,	139.382
461,	32,	22,	485,	139.57
461,	32,	21,	486,	139.686
461,	32,	20,	487,	139.792
461,	31,	21,	487,	139.797
461,	30,	22,	487,	140.06
461,	29,	23,	487,	140.117
461,	28,	24,	487,	140.151
461,	28,	23,	488,	140.228
460,	29,	23,	488,	140.304
460,	29,	22,	489,	140.479
460,	29,	21,	490,	140.531
460,	28,	22,	490,	140.589
460,	27,	23,	490,	140.759
460,	26,	24,	490,	140.819
459,	27,	24,	490,	140.862
458,	28,	24,	490,	140.882
458,	28,	23,	491,	140.9
458,	28,	22,	492,	141.022
458,	27,	23,	492,	141.071
458,	27,	22,	493,	141.531
457,	28,	22,	493,	141.561
457,	28,	21,	494,	141.627
457,	28,	20,	495,	141.936
457,	28,	19,	496,	142.021
457,	27,	20,	496,	142.11
456,	28,	20,	496,	142.154
456,	27,	21,	496,	142.173
455,	28,	21,	496,	142.241
455,	28,	20,	497,	142.34
455,	27,	21,	497,	142.353
455,	26,	22,	497,	142.725
454,	27,	22,	497,	142.815
454,	27,	21,	498,	142.951
453,	28,	21,	498,	142.989
453,	28,	20,	499,	143.017
453,	28,	19,	500,	143.044
453,	27,	20,	500,	143.316
453,	26,	21,	500,	143.345
453,	25,	22,	500,	143.469
453,	25,	21,	501,	143.508
452,	26,	21,	501,	143.573
451,	27,	21,	501,	143.615
451,	27,	20,	502,	143.635
451,	26,	21,	502,	144
451,	26,	20,	503,	144.095
451,	25,	21,	503,	144.116
451,	25,	20,	504,	144.229
451,	25,	19,	505,	144.39
451,	25,	18,	506,	144.539
451,	25,	17,	507,	144.629
451,	25,	16,	508,	144.74
451,	24,	17,	508,	144.897
451,	23,	18,	508,	145.068
450,	24,	18,	508,	145.099
449,	25,	18,	508,	145.284
449,	24,	19,	508,	145.395
449,	24,	18,	509,	146.071
448,	25,	18,	509,	146.089
447,	26,	18,	509,	146.216
446,	27,	18,	509,	146.233
445,	28,	18,	509,	146.266
445,	27,	19,	509,	146.462
444,	28,	19,	509,	146.483
444,	28,	18,	510,	146.545
444,	28,	17,	511,	146.546
444,	28,	16,	512,	146.609
443,	29,	16,	512,	146.685
442,	30,	16,	512,	146.716
442,	29,	17,	512,	146.748
442,	29,	16,	513,	146.795
442,	28,	17,	513,	146.978
442,	28,	16,	514,	147.109
442,	28,	15,	515,	147.117
442,	27,	16,	515,	147.147
442,	27,	15,	516,	147.347
442,	26,	16,	516,	147.353
442,	26,	15,	517,	147.418
442,	26,	14,	518,	147.605
442,	25,	15,	518,	147.715
442,	24,	16,	518,	148.001
442,	24,	15,	519,	148.024
442,	23,	16,	519,	148.135
442,	22,	17,	519,	148.163
441,	23,	17,	519,	148.214
441,	23,	16,	520,	148.541
440,	24,	16,	520,	148.851
440,	24,	15,	521,	148.992
440,	24,	14,	522,	149.186
440,	24,	13,	523,	149.313
440,	24,	12,	524,	149.483
440,	24,	11,	525,	149.519
440,	23,	12,	525,	149.661
439,	24,	12,	525,	149.775
439,	23,	13,	525,	150.211
439,	22,	14,	525,	150.342
438,	23,	14,	525,	150.705
438,	22,	15,	525,	150.767
438,	21,	16,	525,	151.046
438,	20,	17,	525,	151.055
437,	21,	17,	525,	151.114
437,	20,	18,	525,	151.193
437,	19,	19,	525,	151.593
437,	19,	18,	526,	151.778
437,	18,	19,	526,	151.797
437,	17,	20,	526,	152.019
437,	17,	19,	527,	152.053
436,	18,	19,	527,	152.095
436,	18,	18,	528,	152.102
436,	18,	17,	529,	152.139
435,	19,	17,	529,	152.327
435,	19,	16,	530,	152.381
435,	19,	15,	531,	152.445
434,	20,	15,	531,	152.671
434,	19,	16,	531,	152.712
434,	19,	15,	532,	153.168
434,	19,	14,	533,	153.536
434,	18,	15,	533,	153.882
434,	17,	16,	533,	153.92
433,	18,	16,	533,	154.075
432,	19,	16,	533,	154.237
431,	20,	16,	533,	154.339
430,	21,	16,	533,	154.415
430,	21,	15,	534,	154.461
430,	20,	16,	534,	154.539
430,	19,	17,	534,	154.696
430,	19,	16,	535,	154.778
429,	20,	16,	535,	154.846
429,	19,	17,	535,	154.944
428,	20,	17,	535,	155.078
428,	20,	16,	536,	155.604
427,	21,	16,	536,	156.101
427,	20,	17,	536,	156.22
427,	20,	16,	537,	156.257
427,	20,	15,	538,	156.34
427,	20,	14,	539,	156.389
427,	20,	13,	540,	156.422
426,	21,	13,	540,	156.725
425,	22,	13,	540,	156.845
425,	22,	12,	541,	157.037
425,	22,	11,	542,	157.108
424,	23,	11,	542,	157.165
424,	22,	12,	542,	157.322
424,	21,	13,	542,	157.527
423,	22,	13,	542,	157.593
423,	22,	12,	543,	157.921
423,	21,	13,	543,	158.059
423,	21,	12,	544,	158.08
423,	20,	13,	544,	158.104
423,	19,	14,	544,	158.135
423,	18,	15,	544,	158.834
422,	19,	15,	544,	158.966
421,	20,	15,	544,	159.115
420,	21,	15,	544,	159.129
420,	20,	16,	544,	159.144
420,	20,	15,	545,	159.216
420,	20,	14,	546,	159.367
419,	21,	14,	546,	159.411
419,	21,	13,	547,	159.413
419,	20,	14,	547,	159.429
419,	20,	13,	548,	159.771
419,	20,	12,	549,	159.912
419,	19,	13,	549,	159.939
419,	18,	14,	549,	160.065
419,	18,	13,	550,	160.094
419,	18,	12,	551,	160.103
419,	18,	11,	552,	160.3
419,	18,	10,	553,	160.347
419,	18,	9,	554,	160.765
419,	17,	10,	554,	160.962
419,	17,	9,	555,	161.438
418,	18,	9,	555,	161.49
418,	18,	8,	556,	161.97
418,	18,	7,	557,	162.158
417,	19,	7,	557,	162.376
417,	19,	6,	558,	162.778
416,	20,	6,	558,	162.789
416,	20,	5,	559,	162.996
416,	19,	6,	559,	163.224
416,	18,	7,	559,	163.297
416,	18,	6,	560,	163.441
416,	18,	5,	561,	164.024
416,	17,	6,	561,	164.213
416,	17,	5,	562,	164.246
416,	16,	6,	562,	164.388
415,	17,	6,	562,	164.454
415,	16,	7,	562,	164.511
415,	15,	8,	562,	164.733
414,	16,	8,	562,	164.967
413,	17,	8,	562,	165.141
413,	17,	7,	563,	165.274
413,	16,	8,	563,	165.316
413,	16,	7,	564,	165.425
413,	16,	6,	565,	165.489
413,	15,	7,	565,	165.563
413,	14,	8,	565,	165.644
413,	14,	7,	566,	166.258
413,	14,	6,	567,	166.391
413,	14,	5,	568,	166.549
413,	13,	6,	568,	166.671
412,	14,	6,	568,	167.112
412,	14,	5,	569,	167.309
412,	13,	6,	569,	167.554
412,	12,	7,	569,	167.869
412,	12,	6,	570,	168.295
412,	11,	7,	570,	168.298
411,	12,	7,	570,	168.684
411,	11,	8,	570,	169.098
411,	10,	9,	570,	169.246
410,	11,	9,	570,	169.536
409,	12,	9,	570,	170.161
409,	12,	8,	571,	170.506
409,	11,	9,	571,	170.952
409,	11,	8,	572,	171.153
409,	11,	7,	573,	171.46
408,	12,	7,	573,	171.604
408,	12,	6,	574,	172.135
408,	11,	7,	574,	172.142
407,	12,	7,	574,	172.346
407,	12,	6,	575,	172.398
407,	12,	5,	576,	172.472
407,	12,	4,	577,	172.574
407,	11,	5,	577,	173.052
407,	10,	6,	577,	173.166
407,	10,	5,	578,	173.462
407,	10,	4,	579,	173.97
407,	9,	5,	579,	174.09
407,	8,	6,	579,	174.261
407,	7,	7,	579,	174.922
406,	8,	7,	579,	174.941
406,	7,	8,	579,	175.134
406,	6,	9,	579,	175.149
406,	6,	8,	580,	175.209
406,	6,	7,	581,	175.29
405,	7,	7,	581,	175.29
405,	7,	6,	582,	175.429
405,	6,	7,	582,	175.546
405,	6,	6,	583,	175.831
405,	6,	5,	584,	176.337
404,	7,	5,	584,	176.726
403,	8,	5,	584,	176.863
403,	8,	4,	585,	177.374
403,	7,	5,	585,	177.968
402,	8,	5,	585,	178.395
402,	8,	4,	586,	178.805
402,	7,	5,	586,	179.05
402,	7,	4,	587,	179.456
402,	7,	3,	588,	180.018
402,	7,	2,	589,	180.071
402,	6,	3,	589,	181.203
402,	5,	4,	589,	181.599
402,	5,	3,	590,	182.621
402,	5,	2,	591,	182.787
402,	5,	1,	592,	185.407
402,	4,	2,	592,	187.504
402,	3,	3,	592,	187.673
402,	3,	2,	593,	188.017
402,	3,	1,	594,	188.057
402,	2,	2,	594,	188.121
401,	3,	2,	594,	188.537
400,	4,	2,	594,	190.549
400,	4,	1,	595,	190.751
400,	3,	2,	595,	191.387
400,	2,	3,	595,	192.379
399,	3,	3,	595,	192.579
399,	3,	2,	596,	192.799
399,	3,	1,	597,	194.171
399,	2,	2,	597,	196.129
399,	2,	1,	598,	197.739
398,	3,	1,	598,	198.715
398,	2,	2,	598,	199.77
398,	2,	1,	599,	202.508
397,	3,	1,	599,	203.34
397,	2,	2,	599,	204.601
397,	2,	1,	600,	204.702
397,	2,	0,	601,	215.065
397,	1,	1,	601,	217.994
397,	0,	2,	601,	218.205
396,	1,	2,	601,	218.664
396,	0,	3,	601,	220.009
395,	1,	3,	601,	220.34
395,	1,	2,	602,	221.193
395,	0,	3,	602,	221.907
394,	1,	3,	602,	223.309
393,	2,	3,	602,	225.328
393,	2,	2,	603,	226.324
393,	1,	3,	603,	226.891
393,	1,	2,	604,	227.927
393,	0,	3,	604,	228.502
393,	0,	2,	605,	228.962
392,	1,	2,	605,	229.651
391,	2,	2,	605,	230.079
390,	3,	2,	605,	231.917
389,	4,	2,	605,	232.054
389,	3,	3,	605,	232.37
389,	3,	2,	606,	232.751
388,	4,	2,	606,	233.901
388,	3,	3,	606,	234.444
388,	3,	2,	607,	234.767
387,	4,	2,	607,	235.042
387,	3,	3,	607,	235.453
387,	2,	4,	607,	235.754
387,	2,	3,	608,	237.548
386,	3,	3,	608,	238.855
386,	3,	2,	609,	241.045
386,	3,	1,	610,	245.012
386,	3,	0,	611,	246.58
386,	2,	1,	611,	246.868
386,	2,	0,	612,	254.838
386,	1,	1,	612,	256.727
386,	0,	2,	612,	256.917
386,	0,	1,	613,	257.096
385,	1,	1,	613,	260.265
385,	0,	2,	613,	261.693
